Prompt,Generated Text
Artificial Intelligence is,"Artificial Intelligence is expected to hit the streets this year, according to a statement from Microsoft. And even though we don't know if those will be big headlines, we can speculate that this year's AI ""game"" will be more interactive and interactive than the ones in the past, like Game of Thrones or Star Trek."
The future of machine learning,"The future of machine learning has a number of implications to AI and AI has a number of implications to research and development of AI.""

One aspect to concern is the fact that human beings are not completely brain-independent when it comes to learning, whereas robot and human beings may have different levels of neurons and thus much more in common. In the same interview with Nature, Martin also discusses why AI is often more than a"
In the world of deep learning,"In the world of deep learning, it's possible that you could learn from the likes of Deep Learning which uses machine learning to train and develop predictive skills on an infinite number of neurons, using a large dataset where we are building a predictive algorithm from scratch. Then our entire model can be fully validated, we could then make predictions about many different scenarios like weather, temperature and radiation. These kinds of techniques are going to be used by"
Natural Language Processing can,"Natural Language Processing can be performed on either client or server.

By default the following tasks are available in Ruby on Rails:

Worker: create a web server and load all the resources required in your project.

Worker: load all the resources needed in your project. Run Server: Create a web server that handles basic HTTP requests.

Run Web Servers: Load all the resources needed"
